ggap,tfp
2.5,-0.056494988
2.6,0.038968763
2.6,0.050275095
2.6,0.044972922
2.5,0.057106931
2.3,0.065268258
2.1,0.074717658
1.9,0.092955272
