ggap,tfp
2.5,-0.038839804
2.5,-1.0696E-05
2.4,-0.083909756
2.3,-0.077854473
2.1,-0.064537592
1.8,-0.047496354
1.6,-0.021658585
1.5,-0.023868402
