ggap,tfp
3.4,-0.34014908
3.3,-0.602439622
3.3,0.289977981
2.9,0.033747343
2.5,-0.036280459
2.1,-0.04693367
1.5,-0.229231881
1.3,-0.112059562
