ggap,tfp
2.7,0.01107364
2.6,-0.470541901
2.4,0.085234733
2.3,-0.46502553
2.1,2.032445811
2,-0.223092772
1.8,-0.028174609
1.5,-0.109234901
