ggap,tfp
1.5,-0.036172489
1.3,0.065502698
1.2,-0.075970246
1.1,0.090339924
1,-0.059785162
0.9,0.123552792
0.8,0.170966533
0.7,-0.003231056
