ggap,tfp
1.9,0.041396149
1.8,0.037651391
1.7,0.047983879
1.5,0.0509528
1.4,0.032759072
1.2,0.023639977
1,0.0101528
0.9,0.00891438
