ggap,tfp
2,-0.00623047
1.9,0.162346813
1.6,0.15151452
1.5,0.059408549
1.4,0.087001465
1.2,0.088561925
1.1,0.107581681
1,0.015514597
