ggap,tfp
1.6,0.053248674
1.5,0.006496652
1.4,0.00519645
1.3,-0.02658555
1.2,0.04275071
1.1,0.016948344
1,0.045693034
0.9,0.00863546
