ggap,tfp
2,0.039578282
1.9,-0.067276599
1.7,0.093431466
1.5,0.066629537
1.4,-0.111872408
1.3,0.097306975
1.1,0.014764822
0.9,-0.053026324
