ggap,tfp
1.8,0.182966863
1.5,0.0180264
1.3,0.178129691
1.1,0.058875063
0.9,-0.097109694
0.8,0.033468906
0.6,0.091886409
0.6,0.033725889
