ggap,tfp
2,-0.51657476
2,-0.001133609
1.9,-0.058607799
1.7,-0.024676993
1.4,-0.00922457
1.1,-0.052084771
0.8,0.021097104
0.7,-0.136922634
