ggap,tfp
1.3,0.039055563
1.2,-0.097605323
1.2,-0.012464063
1.1,0.046647834
1,-0.18773207
0.8,0.068336926
0.7,0.045545019
0.6,0.094123447
