ggap,tfp
1.5,0.072449362
1.3,0.032795544
1.2,0.118251172
1.1,0.100808003
0.9,0.034085465
0.8,0.020464236
0.6,0.002507435
0.5,0.043832458
