ggap,tfp
1.4,0.067382221
1.2,0.027115962
1.1,0.035142141
1,0.008817605
0.8,0.062795667
0.7,0.015574676
0.5,-0.010049914
0.5,-0.004242433
