ggap,tfp
2,-0.086964721
2,0.035235545
1.9,-0.005867623
1.9,-0.088766231
1.8,-0.021474002
1.7,0.066499139
1.5,-0.09034359
1.4,0.058796833
