ggap,tfp
1,-0.078268174
0.9,0.031105318
0.8,-0.029381157
0.6,0.028276012
0.5,0.029992314
0.4,0.025901168
0.3,0.01713293
0.2,0.024499573
