ggap,tfp
0.6,0.058818628
0.6,0.072772564
0.6,0.059386547
0.5,0.028689858
0.4,0.059262362
0.4,0.019158047
0.3,-0.0265468
0.3,0.003282957
