ggap,tfp
1.1,0.005902023
1,0.120951501
1,0.002071115
0.8,0.000529587
0.7,0.048292565
0.5,0.158712526
0.4,-0.035176914
0.2,0.011120851
