ggap,tfp
0.9,6207.593553
0.8,6207.592892
0.7,6207.667735
0.6,6207.674405
0.5,6207.698884
0.4,6207.705219
0.2,6207.701328
0.2,6207.684183
