ggap,tfp
0.6,0.021503057
0.6,-0.091939526
0.5,-0.048277489
0.4,-0.063094299
0.3,0.005101828
0.3,0.09245897
0.2,-0.024348073
0.2,-0.068102921
