ggap,tfp
0.8,0.07924253
0.8,-0.02947203
0.7,0.022954201
0.6,0.012333971
0.5,0.00600845
0.4,-0.052424183
0.3,-0.059024595
0.2,-0.026671265
