ggap,tfp
0.8,0.026734319
0.7,-0.054086092
0.6,0.188952822
0.5,0.127340749
0.3,-0.023077515
0.2,0.159293026
0.1,0.034516366
0.1,0.115203179
