ggap,tfp
1,0.184827225
0.9,-0.057174989
0.8,0.063387194
0.6,-0.0443015
0.4,0.011700225
0.2,0.117281828
0,0.022059451
-0.1,0.06490281
