ggap,tfp
0.7,0.003539844
0.7,-0.11707419
0.7,-0.096870772
0.6,-0.09379011
0.5,0.070823538
0.4,-0.04824289
0.3,-0.06390357
0.3,0.019359712
