ggap,tfp
0.6,0.039805988
0.6,0.082120867
0.5,0.021447729
0.4,0.02967697
0.3,0.06699209
0.3,0.053699788
0.2,-0.032438184
0.1,0.016158582
