ggap,tfp
0.5,0.01710304
0.5,0.057208644
0.4,0.087780692
0.4,-0.009685456
0.4,0.008799295
0.3,0.027949042
0.3,-0.005204591
0.2,0.035126565
