ggap,tfp
1.4,0.025152284
1.3,-0.118696637
1.1,-0.038429432
0.9,-0.03604543
0.7,0.056169837
0.5,0.050641484
0.4,-0.049923154
0.3,-0.109549495
