ggap,tfp
1,7466.246306
0.9,7466.136932
0.8,7466.197419
0.6,7466.139762
0.5,7466.138045
0.4,7466.142137
0.3,7466.150905
0.2,7466.143538
