ggap,tfp
0.7,3026.671734
0.7,3026.792348
0.7,3026.772144
0.6,3026.769064
0.5,3026.60445
0.4,3026.723516
0.3,3026.739177
0.3,3026.655914
