ggap,tfp
0.7,0.060726988
0.6,-0.074551602
0.5,0.09880955
0.4,-0.023975367
0.3,-0.013991802
0.2,0.001596181
0.1,-0.022749416
0.1,-0.01616772
