ggap,tfp
0.9,0.084466147
0.8,0.085127411
0.7,0.010283792
0.6,0.003613768
0.5,-0.020865264
0.4,-0.027200383
0.2,-0.023309111
0.2,-0.006164034
