ggap,tfp
-0.2,0.056767265
-0.2,0.072540237
-0.2,0.14634647
-0.2,0.157725128
-0.2,0.183989388
-0.2,0.016687353
-0.3,-0.040511844
-0.2,0.203383325
