ggap,tfp
0.3,-0.003311865
0.3,0.006752918
0.2,-0.017457206
0.2,0.048481906
0.1,0.104576715
0,0.092444086
-0.1,0.007970634
-0.1,0.041005241
