ggap,tfp
0,-0.045594629
0,-0.163278713
-0.1,-0.074143288
-0.1,0.210962622
-0.2,-0.01270574
-0.2,0.025738082
-0.3,0.069846866
-0.3,-0.059516975
