ggap,tfp
0.5,-0.009823664
0.4,0.015364649
0.3,-0.044032699
0.1,0.06368888
0,0.056349658
-0.1,0.039370417
-0.1,0.000720418
-0.1,0.027104639
