ggap,tfp
0.3,0.102990352
0.2,0.044348888
0.2,0.067515331
0.1,0.069072354
0,0.131726209
-0.1,0.04370511
-0.2,-0.023550865
-0.2,-0.030883199
