ggap,tfp
0.1,0.006590001
0.1,0.037563121
0.1,0.030301704
0.1,0.027146591
0,0.053199284
-0.1,0.064589848
-0.1,0.009312776
-0.1,0.016529482
