ggap,tfp
0.4,0.004088018
0.3,0.021078061
0.3,-0.035055886
0.2,0.017329568
0.2,0.042408668
0.1,0.013580466
0,-0.039634888
0,0.015732031
