ggap,tfp
0.5,0.045652041
0.4,-0.072596041
0.3,-0.064994794
0.2,0.067478262
0.1,0.103972358
0,0.099108579
-0.1,0.066984139
-0.2,0.022608558
