ggap,tfp
0.3,0.067864716
0.3,-0.17695689
0.2,-0.040696721
0.1,-0.056578657
0,-0.109078123
0,0.1180138
-0.1,0.150430876
-0.1,0.019703828
