ggap,tfp
0.1,0.048660316
0,-0.056246051
0,0.032532771
-0.1,-0.030915806
-0.2,-0.072681683
-0.2,0.022042168
-0.2,-0.007047464
-0.2,0.034505153
