ggap,tfp
0.2,0.082840347
0.1,0.015128513
0.2,0.064834486
0.2,0.038117752
0.2,0.030745291
0.2,0.011861872
0.2,0.005086311
0.2,0.011777188
