ggap,tfp
1.7,-0.224199123
1.4,-0.326558177
0.9,0.084336817
0.2,-0.064460935
-0.5,0.231806499
-1.2,-0.204922217
-1.8,-0.162249929
-1.9,-0.220948779
