ggap,tfp
0,0.101007178
-0.1,-0.139266516
-0.2,-0.073160878
-0.3,0.02599681
-0.3,-0.061501675
-0.4,-0.014940551
-0.4,0.049465603
-0.3,-0.103093959
