ggap,tfp
0.5,0.036547517
0.4,0.07670862
0.3,0.011927622
0.2,0.067562399
0.1,0.009546661
0,0.011815774
-0.1,-0.026733062
0,0.029174996
