ggap,tfp
0.3,0.089892912
0.3,0.059686745
0.3,0.028467463
0.2,0.149137663
0.2,0.04611068
0.1,0.05726453
0,-0.085520674
-0.1,-0.007602457
